"Timestamp","Sent Polls","Lost Polls","Min Latency (ns)","Ave Latency (ns)","Max Latency (ns)","Score"
"2026-02-01 00:00:00","100","0","11930000","20930000","122200000","1"
"2026-02-01 00:01:00","100","0","12120000","15770000","22290000","1"
"2026-02-01 00:03:00","100","0","10750000","15850000","30240000","1"
"2026-02-01 00:05:00","100","0","11670000","16060000","24780000","1"
"2026-02-01 00:06:00","100","0","9960000","15550000","39730000","1"
"2026-02-01 00:08:00","100","0","11010000","15900000","27990000","1"
"2026-02-01 00:10:00","100","0","9141000","15370000","34280000","1"
"2026-02-01 00:11:00","100","0","10330000","16030000","33790000","1"
"2026-02-01 00:13:00","100","0","10420000","15250000","21870000","1"
"2026-02-01 00:15:00","100","0","11420000","15780000","27020000","1"
"2026-02-01 00:16:00","100","0","9967000","15730000","23730000","1"
"2026-02-01 00:18:00","100","0","9462000","16440000","43110000","1"
"2026-02-01 00:20:00","100","0","9615000","15470000","22020000","1"
"2026-02-01 00:21:00","100","0","13630000","15230000","21590000","1"
"2026-02-01 00:23:00","100","0","11920000","15710000","24840000","1"
"2026-02-01 00:25:00","100","0","11710000","15300000","24630000","1"
"2026-02-01 00:26:00","100","0","11330000","15310000","27380000","1"
"2026-02-01 00:28:00","100","0","13880000","15900000","40690000","1"
"2026-02-01 00:30:00","100","0","11760000","15500000","25270000","1"
"2026-02-01 00:31:00","100","0","9192000","15300000","33710000","1"
"2026-02-01 00:33:00","100","0","11960000","15770000","22590000","1"
"2026-02-01 00:35:00","100","0","9965000","15630000","24100000","1"
"2026-02-01 00:36:00","100","0","11210000","15460000","21660000","1"
"2026-02-01 00:38:00","100","0","13390000","15710000","48870000","1"
"2026-02-01 00:40:00","100","0","9221000","16670000","35900000","1"
"2026-02-01 00:41:00","100","0","9246000","15860000","24920000","1"
"2026-02-01 00:43:00","100","0","9573000","15920000","30420000","1"
"2026-02-01 00:45:00","100","0","13070000","15760000","25020000","1"
"2026-02-01 00:46:00","100","0","14300000","15680000","24900000","1"
"2026-02-01 00:48:00","100","0","10500000","16030000","27560000","1"
"2026-02-01 00:50:00","100","0","13050000","15900000","27340000","1"
"2026-02-01 00:51:00","100","1","9699000","15460000","22200000","201"
"2026-02-01 00:53:00","100","0","11350000","15670000","22220000","1"
"2026-02-01 00:55:00","100","0","13740000","15850000","21860000","1"
"2026-02-01 00:56:00","100","0","11600000","16100000","22470000","1"
"2026-02-01 00:58:00","100","0","11340000","15810000","24160000","1"
"2026-02-01 01:00:00","100","0","12360000","15490000","21100000","1"
"2026-02-01 01:01:00","100","0","12070000","15420000","22420000","1"
"2026-02-01 01:03:00","100","0","9419000","15600000","22440000","1"
"2026-02-01 01:05:00","100","0","9238000","15630000","25870000","1"
"2026-02-01 01:06:00","100","0","9608000","15280000","21960000","1"
"2026-02-01 01:08:00","100","0","13620000","15770000","24600000","1"
"2026-02-01 01:10:00","100","0","13730000","15610000","24270000","1"
"2026-02-01 01:11:00","100","0","14200000","15820000","21380000","1"
"2026-02-01 01:13:00","100","0","11690000","15640000","22960000","1"
"2026-02-01 01:15:00","100","0","12360000","15550000","18920000","1"
"2026-02-01 01:16:00","100","0","10520000","15400000","21390000","1"
"2026-02-01 01:18:00","100","0","13210000","15640000","22130000","1"
"2026-02-01 01:20:00","100","0","13260000","15700000","24380000","1"
"2026-02-01 01:21:00","100","0","11590000","16880000","45960000","1"
"2026-02-01 01:23:00","100","0","14160000","28820000","58500000","1"
"2026-02-01 01:25:00","100","0","9956000","23010000","57220000","1"
"2026-02-01 01:26:00","100","0","13460000","15800000","28430000","1"
"2026-02-01 01:28:00","100","0","9422000","17090000","25590000","1"
"2026-02-01 01:30:00","100","0","9486000","15650000","24360000","1"
"2026-02-01 01:31:00","100","0","9244000","15610000","23510000","1"
"2026-02-01 01:33:00","100","0","9489000","15750000","22310000","1"
"2026-02-01 01:35:00","100","0","13210000","15980000","22880000","1"
"2026-02-01 01:36:00","100","0","11810000","15760000","21710000","1"
"2026-02-01 01:38:00","100","0","13190000","15760000","24770000","1"
"2026-02-01 01:40:00","100","0","13440000","15710000","22350000","1"
"2026-02-01 01:41:00","100","0","13440000","15980000","25040000","1"
"2026-02-01 01:43:00","100","0","13270000","15660000","23540000","1"
"2026-02-01 01:45:00","100","0","11870000","15480000","22130000","1"
"2026-02-01 01:46:00","100","0","14950000","16050000","22380000","1"
"2026-02-01 01:48:00","100","0","9593000","15650000","22330000","1"
"2026-02-01 01:50:00","100","0","14980000","15860000","21580000","1"
"2026-02-01 01:51:00","100","0","9421000","16330000","38600000","1"
"2026-02-01 01:53:00","100","0","14870000","15950000","22520000","1"
"2026-02-01 01:55:00","100","0","9295000","15690000","22540000","1"
"2026-02-01 01:56:00","100","0","13630000","15850000","22490000","1"
"2026-02-01 01:58:00","100","0","9778000","15940000","22440000","1"
"2026-02-01 02:00:00","100","0","10310000","15980000","22410000","1"
"2026-02-01 02:01:00","100","0","15100000","16320000","24750000","1"
"2026-02-01 02:03:00","100","0","9563000","15930000","21860000","1"
"2026-02-01 02:05:00","100","0","10080000","16400000","55280000","1"
"2026-02-01 02:06:00","100","0","13030000","16260000","22740000","1"
"2026-02-01 02:08:00","100","0","9343000","15980000","24810000","1"
"2026-02-01 02:10:00","100","0","9186000","16240000","25030000","1"
"2026-02-01 02:11:00","100","0","12120000","16280000","22910000","1"
"2026-02-01 02:13:00","100","0","12490000","16500000","80290000","1"
"2026-02-01 02:15:00","100","0","10630000","16150000","23260000","1"
"2026-02-01 02:16:00","100","0","13020000","16190000","22790000","1"
"2026-02-01 02:18:00","100","0","13660000","16300000","25190000","1"
"2026-02-01 02:20:00","100","0","9836000","16120000","23010000","1"
"2026-02-01 02:21:00","100","0","9519000","16150000","42010000","1"
"2026-02-01 02:23:00","100","0","13930000","16220000","22770000","1"
"2026-02-01 02:25:00","100","0","10070000","16290000","21790000","1"
"2026-02-01 02:26:00","100","0","13260000","16240000","23710000","1"
"2026-02-01 02:28:00","100","0","9629000","16200000","28720000","1"
"2026-02-01 02:30:00","100","0","13240000","16320000","22150000","1"
"2026-02-01 02:31:00","100","0","13160000","16020000","23640000","1"
"2026-02-01 02:33:00","100","0","9995000","16210000","22360000","1"
"2026-02-01 02:35:00","100","0","9077000","16180000","24910000","1"
"2026-02-01 02:36:00","100","0","13390000","15970000","18850000","1"
"2026-02-01 02:38:00","100","0","10090000","16010000","22140000","1"
"2026-02-01 02:40:00","100","0","10510000","16290000","22850000","1"
"2026-02-01 02:41:00","100","0","15500000","16270000","25280000","1"
"2026-02-01 02:43:00","100","0","9331000","16230000","23200000","1"
"2026-02-01 02:45:00","100","0","10020000","16350000","23080000","1"
"2026-02-01 02:46:00","100","0","10230000","16210000","31700000","1"
"2026-02-01 02:48:00","100","0","13360000","16440000","23780000","1"
"2026-02-01 02:50:00","100","0","9515000","16240000","23040000","1"
"2026-02-01 02:51:00","100","0","10140000","15790000","22290000","1"
"2026-02-01 02:53:00","100","0","12460000","16120000","23250000","1"
"2026-02-01 02:55:00","100","0","12630000","16380000","22360000","1"
"2026-02-01 02:56:00","100","0","13380000","16060000","22760000","1"
"2026-02-01 02:58:00","100","0","9426000","16330000","22250000","1"
"2026-02-01 03:00:00","100","0","13250000","16170000","23630000","1"
"2026-02-01 03:01:00","100","0","13380000","16310000","23730000","1"
"2026-02-01 03:03:00","100","0","9482000","16210000","23710000","1"
"2026-02-01 03:05:00","100","0","9558000","16470000","22540000","1"
"2026-02-01 03:06:00","100","0","13310000","16620000","35640000","1"
"2026-02-01 03:08:00","100","0","10270000","15870000","22610000","1"
"2026-02-01 03:10:00","100","0","10360000","16120000","23230000","1"
"2026-02-01 03:11:00","100","0","12960000","16260000","31800000","1"
"2026-02-01 03:13:00","100","0","9509000","15880000","20060000","1"
"2026-02-01 03:15:00","100","0","13360000","16050000","22300000","1"
"2026-02-01 03:16:00","100","0","10890000","15930000","20240000","1"
"2026-02-01 03:18:00","100","0","12780000","15830000","23680000","1"
"2026-02-01 03:20:00","100","0","10400000","15650000","20290000","1"
"2026-02-01 03:21:00","100","0","10210000","15860000","23500000","1"
"2026-02-01 03:23:00","100","0","9647000","15630000","20830000","1"
"2026-02-01 03:25:00","100","0","10600000","15610000","22760000","1"
"2026-02-01 03:26:00","100","0","9938000","15690000","22560000","1"
"2026-02-01 03:28:00","100","0","10050000","15710000","23490000","1"
"2026-02-01 03:30:00","100","0","13150000","15110000","23410000","1"
"2026-02-01 03:31:00","100","0","13140000","15270000","22750000","1"
"2026-02-01 03:33:00","100","0","13190000","15000000","30160000","1"
"2026-02-01 03:35:00","100","0","13150000","15150000","23170000","1"
"2026-02-01 03:36:00","100","0","13690000","15520000","22710000","1"
"2026-02-01 03:38:00","100","0","10470000","15640000","33360000","1"
"2026-02-01 03:40:00","100","0","13650000","15560000","31480000","1"
"2026-02-01 03:41:00","100","0","13680000","15400000","17270000","1"
"2026-02-01 03:43:00","100","0","9761000","15120000","23470000","1"
"2026-02-01 03:45:00","100","0","13070000","14800000","26700000","1"
"2026-02-01 03:46:00","100","0","10990000","15730000","43370000","1"
"2026-02-01 03:48:00","100","0","10680000","15120000","24710000","1"
"2026-02-01 03:50:00","100","0","10720000","15520000","22170000","1"
"2026-02-01 03:51:00","100","0","10640000","15310000","31100000","1"
"2026-02-01 03:53:00","100","0","10550000","14860000","21730000","1"
"2026-02-01 03:55:00","100","0","10680000","15270000","22260000","1"
"2026-02-01 03:56:00","100","0","10660000","16070000","40640000","1"
"2026-02-01 03:58:00","100","0","10620000","15030000","21240000","1"
"2026-02-01 04:00:00","100","0","10660000","15350000","40170000","1"
"2026-02-01 04:01:00","100","0","11370000","15300000","21640000","1"
"2026-02-01 04:03:00","100","0","10700000","15470000","34420000","1"
"2026-02-01 04:05:00","100","0","10770000","15030000","20630000","1"
"2026-02-01 04:06:00","100","0","10870000","15050000","21840000","1"
"2026-02-01 04:08:00","100","0","10970000","15100000","42010000","1"
"2026-02-01 04:10:00","100","0","10370000","14930000","24410000","1"
"2026-02-01 04:11:00","100","0","13880000","15220000","30700000","1"
"2026-02-01 04:13:00","100","0","10950000","14850000","25330000","1"
"2026-02-01 04:15:00","100","1","13880000","14990000","21260000","201"
"2026-02-01 04:16:00","100","0","9560000","14760000","21280000","1"
"2026-02-01 04:18:00","100","0","11810000","14910000","21620000","1"
"2026-02-01 04:20:00","100","0","10140000","15070000","21480000","1"
"2026-02-01 04:21:00","100","0","10040000","15080000","32510000","1"
"2026-02-01 04:23:00","100","0","12380000","14970000","20640000","1"
"2026-02-01 04:25:00","100","0","13990000","15540000","26700000","1"
"2026-02-01 04:26:00","100","0","11720000","15200000","27750000","1"
"2026-02-01 04:28:00","100","0","13990000","15440000","25100000","1"
"2026-02-01 04:30:00","100","0","11790000","15000000","21360000","1"
"2026-02-01 04:31:00","100","0","10760000","15160000","21930000","1"
"2026-02-01 04:33:00","100","0","13560000","15120000","24660000","1"
"2026-02-01 04:35:00","100","0","10990000","15210000","34740000","1"
"2026-02-01 04:36:00","100","0","10920000","15050000","24150000","1"
"2026-02-01 04:38:00","100","0","14060000","15070000","21490000","1"
"2026-02-01 04:40:00","100","0","11980000","15040000","22100000","1"
"2026-02-01 04:41:00","100","0","11270000","15290000","23890000","1"
"2026-02-01 04:43:00","100","0","10880000","15120000","21590000","1"
"2026-02-01 04:45:00","100","0","14100000","15200000","21410000","1"
"2026-02-01 04:46:00","100","0","14120000","15200000","20800000","1"
"2026-02-01 04:48:00","100","0","11230000","15130000","23890000","1"
"2026-02-01 04:50:00","100","0","9595000","15250000","22080000","1"
"2026-02-01 04:51:00","100","0","12060000","15420000","24880000","1"
"2026-02-01 04:53:00","100","0","11220000","15130000","21550000","1"
"2026-02-01 04:55:00","100","0","12090000","15060000","21470000","1"
"2026-02-01 04:56:00","100","0","11270000","15220000","21590000","1"
"2026-02-01 04:58:00","100","0","12030000","16040000","28310000","1"
"2026-02-01 05:00:00","100","0","11400000","14860000","21470000","1"
"2026-02-01 05:01:00","100","0","12410000","15180000","21710000","1"
"2026-02-01 05:03:00","100","0","11270000","15350000","21750000","1"
"2026-02-01 05:05:00","100","0","12190000","15050000","21280000","1"
"2026-02-01 05:06:00","100","0","12100000","15610000","27960000","1"
"2026-02-01 05:08:00","100","0","9880000","17250000","34860000","1"
"2026-02-01 05:10:00","100","0","11070000","21630000","41510000","1"
"2026-02-01 05:11:00","100","0","13070000","30520000","83250000","1"
"2026-02-01 05:13:00","100","0","10240000","20230000","57470000","1"
"2026-02-01 05:15:00","100","0","12220000","15430000","22270000","1"
"2026-02-01 05:16:00","100","0","13570000","15220000","21880000","1"
"2026-02-01 05:18:00","100","0","12110000","15550000","27260000","1"
"2026-02-01 05:20:00","100","0","12280000","15220000","21880000","1"
"2026-02-01 05:21:00","100","0","14390000","15240000","21960000","1"
"2026-02-01 05:23:00","100","0","14050000","15570000","22020000","1"
"2026-02-01 05:25:00","100","0","11490000","15340000","24390000","1"
"2026-02-01 05:26:00","100","0","11400000","15580000","27230000","1"
"2026-02-01 05:28:00","100","0","9485000","16020000","22620000","1"
"2026-02-01 05:30:00","100","0","9132000","15310000","21950000","1"
"2026-02-01 05:31:00","100","0","11370000","15350000","21760000","1"
"2026-02-01 05:33:00","100","0","14500000","15450000","22570000","1"
"2026-02-01 05:35:00","100","0","12160000","15290000","20990000","1"
"2026-02-01 05:36:00","100","0","14510000","15620000","24380000","1"
"2026-02-01 05:38:00","100","0","13680000","15830000","25190000","1"
"2026-02-01 05:40:00","100","0","13910000","15740000","38060000","1"
"2026-02-01 05:41:00","100","0","9496000","15650000","37230000","1"
"2026-02-01 05:43:00","100","0","9378000","15490000","25410000","1"
"2026-02-01 05:45:00","100","0","13910000","15530000","26120000","1"
"2026-02-01 05:46:00","100","0","13230000","15640000","41180000","1"
"2026-02-01 05:48:00","100","0","11620000","15560000","22190000","1"
"2026-02-01 05:50:00","100","0","13780000","15350000","20150000","1"
"2026-02-01 05:51:00","100","0","9250000","16020000","66940000","1"
"2026-02-01 05:53:00","100","0","13310000","15620000","22180000","1"
"2026-02-01 05:55:00","100","0","13330000","15740000","23680000","1"
"2026-02-01 05:56:00","100","0","13270000","15920000","22260000","1"
"2026-02-01 05:58:00","100","0","13340000","15570000","29070000","1"
"2026-02-01 06:00:00","100","0","13910000","15700000","21660000","1"
"2026-02-01 06:01:00","100","0","9628000","15190000","21210000","1"
"2026-02-01 06:03:00","100","0","13250000","15600000","38310000","1"
"2026-02-01 06:05:00","100","0","10110000","15490000","21680000","1"
"2026-02-01 06:06:00","100","0","13220000","15530000","22320000","1"
"2026-02-01 06:08:00","100","0","9257000","15920000","41320000","1"
"2026-02-01 06:10:00","100","0","13470000","15910000","31710000","1"
"2026-02-01 06:11:00","100","0","9553000","15600000","22310000","1"
"2026-02-01 06:13:00","100","0","9429000","15770000","21680000","1"
"2026-02-01 06:15:00","100","0","9552000","15440000","16230000","1"
"2026-02-01 06:16:00","100","0","13620000","15800000","38280000","1"
"2026-02-01 06:18:00","100","0","12630000","16080000","24740000","1"
"2026-02-01 06:20:00","100","0","9564000","15980000","24760000","1"
"2026-02-01 06:21:00","100","0","9731000","15850000","23880000","1"
"2026-02-01 06:23:00","100","0","9556000","16070000","28850000","1"
"2026-02-01 06:25:00","100","0","9391000","20370000","82890000","1"
"2026-02-01 06:26:00","100","0","12110000","15750000","22350000","1"
"2026-02-01 06:28:00","100","0","9880000","15950000","22560000","1"
"2026-02-01 06:30:00","100","0","12750000","15710000","20120000","1"
"2026-02-01 06:31:00","100","0","12930000","15950000","21750000","1"
"2026-02-01 06:33:00","100","0","13440000","15950000","24560000","1"
"2026-02-01 06:35:00","100","0","14990000","16240000","41600000","1"
"2026-02-01 06:36:00","100","0","11910000","16060000","22950000","1"
"2026-02-01 06:38:00","100","0","13560000","15870000","22780000","1"
"2026-02-01 06:40:00","100","0","12060000","15760000","22440000","1"
"2026-02-01 06:41:00","100","0","12950000","15620000","21760000","1"
"2026-02-01 06:43:00","100","0","9612000","16010000","35600000","1"
"2026-02-01 06:45:00","100","0","9182000","15750000","22080000","1"
"2026-02-01 06:46:00","100","0","12740000","16050000","31440000","1"
"2026-02-01 06:48:00","100","0","9649000","16180000","24690000","1"
"2026-02-01 06:50:00","100","0","12080000","15750000","22500000","1"
"2026-02-01 06:51:00","100","0","13060000","16100000","22670000","1"
"2026-02-01 06:53:00","100","0","9589000","16130000","24340000","1"
"2026-02-01 06:55:00","100","0","13520000","16220000","28920000","1"
"2026-02-01 06:56:00","100","0","13710000","16370000","22420000","1"
"2026-02-01 06:58:00","100","0","13310000","16190000","23670000","1"
"2026-02-01 07:00:00","100","0","10410000","16040000","22770000","1"
"2026-02-01 07:01:00","100","0","9952000","16830000","41210000","1"
"2026-02-01 07:03:00","100","0","12380000","16330000","22660000","1"
"2026-02-01 07:05:00","100","0","13320000","16150000","25600000","1"
"2026-02-01 07:06:00","100","0","15270000","16310000","26130000","1"
"2026-02-01 07:08:00","100","0","12890000","16270000","25960000","1"
"2026-02-01 07:10:00","100","0","13260000","16030000","25080000","1"
"2026-02-01 07:11:00","100","0","9673000","16240000","22930000","1"
"2026-02-01 07:13:00","100","0","13270000","16080000","23440000","1"
"2026-02-01 07:15:00","100","0","12220000","16200000","22290000","1"
"2026-02-01 07:16:00","100","0","10190000","16400000","29590000","1"
"2026-02-01 07:18:00","100","0","9473000","16040000","19820000","1"
"2026-02-01 07:20:00","100","0","12520000","16370000","22860000","1"
"2026-02-01 07:21:00","100","0","10000000","16520000","23210000","1"
"2026-02-01 07:23:00","100","0","10430000","16380000","23480000","1"
"2026-02-01 07:25:00","100","0","10300000","16010000","23010000","1"
"2026-02-01 07:26:00","100","0","13410000","16260000","23090000","1"
"2026-02-01 07:28:00","100","0","12620000","16230000","20580000","1"
"2026-02-01 07:30:00","100","0","12320000","16290000","29400000","1"
"2026-02-01 07:31:00","100","0","10020000","16180000","22830000","1"
"2026-02-01 07:33:00","100","0","9442000","16970000","68080000","1"
"2026-02-01 07:35:00","100","0","13360000","16300000","25470000","1"
"2026-02-01 07:36:00","100","0","13360000","16280000","23030000","1"
"2026-02-01 07:38:00","100","0","10380000","16330000","23230000","1"
"2026-02-01 07:40:00","100","0","11120000","16230000","22310000","1"
"2026-02-01 07:41:00","100","0","9452000","15800000","22220000","1"
"2026-02-01 07:43:00","100","0","10430000","16290000","23290000","1"
"2026-02-01 07:45:00","100","0","9437000","16100000","23130000","1"
"2026-02-01 07:46:00","100","0","9601000","15910000","22420000","1"
"2026-02-01 07:48:00","100","0","9721000","15820000","22810000","1"
"2026-02-01 07:50:00","100","0","12860000","16150000","23760000","1"
"2026-02-01 07:51:00","100","0","9503000","16040000","20860000","1"
"2026-02-01 07:53:00","100","0","9742000","15800000","26230000","1"
"2026-02-01 07:55:00","100","0","10280000","16140000","22580000","1"
"2026-02-01 07:56:00","100","0","9942000","16040000","22420000","1"
"2026-02-01 07:58:00","100","0","10660000","16360000","71310000","1"
"2026-02-01 08:00:00","100","0","9738000","15860000","25890000","1"
"2026-02-01 08:01:00","100","0","9466000","15480000","22280000","1"
"2026-02-01 08:03:00","100","0","13500000","16280000","84260000","1"
"2026-02-01 08:05:00","100","0","11490000","15360000","22440000","1"
"2026-02-01 08:06:00","100","0","10470000","15650000","22600000","1"
"2026-02-01 08:08:00","100","0","9877000","15780000","23100000","1"
"2026-02-01 08:10:00","100","0","9704000","16330000","71490000","1"
"2026-02-01 08:11:00","100","0","10670000","15620000","29180000","1"
"2026-02-01 08:13:00","100","0","13100000","15440000","24140000","1"
"2026-02-01 08:15:00","100","0","9958000","15180000","23820000","1"
"2026-02-01 08:16:00","100","0","13080000","16440000","84310000","1"
"2026-02-01 08:18:00","100","0","10560000","15430000","21840000","1"
"2026-02-01 08:20:00","100","0","13170000","15810000","23720000","1"
"2026-02-01 08:21:00","100","0","10780000","15840000","23570000","1"
"2026-02-01 08:23:00","100","0","9952000","15210000","20230000","1"
"2026-02-01 08:25:00","100","0","9862000","15330000","29230000","1"
"2026-02-01 08:26:00","100","0","13190000","15490000","20550000","1"
"2026-02-01 08:28:00","100","0","9726000","16010000","23740000","1"
"2026-02-01 08:30:00","100","0","10270000","15860000","27360000","1"
"2026-02-01 08:31:00","100","0","9912000","15500000","24030000","1"
"2026-02-01 08:33:00","100","0","13510000","15860000","23050000","1"
"2026-02-01 08:35:00","100","0","13350000","16230000","32470000","1"
"2026-02-01 08:36:00","100","0","9966000","16120000","23470000","1"
"2026-02-01 08:38:00","100","0","11020000","15730000","22990000","1"
"2026-02-01 08:40:00","100","0","10910000","16120000","23960000","1"
"2026-02-01 08:41:00","100","0","12750000","16310000","39430000","1"
"2026-02-01 08:43:00","100","0","11150000","16370000","27470000","1"
"2026-02-01 08:45:00","100","0","10240000","16010000","22960000","1"
"2026-02-01 08:46:00","100","0","10970000","16500000","39000000","1"
"2026-02-01 08:48:00","100","0","13410000","15700000","23530000","1"
"2026-02-01 08:50:00","100","0","10180000","15890000","24060000","1"
"2026-02-01 08:51:00","100","0","10010000","15830000","23220000","1"
"2026-02-01 08:53:00","100","0","13340000","15900000","23860000","1"
"2026-02-01 08:55:00","100","0","13340000","16270000","23270000","1"
"2026-02-01 08:56:00","100","0","10620000","15980000","23080000","1"
"2026-02-01 08:58:00","100","0","9913000","16200000","24020000","1"
"2026-02-01 09:00:00","100","0","10310000","16150000","24400000","1"
"2026-02-01 09:01:00","100","0","10310000","16650000","27500000","1"
"2026-02-01 09:03:00","100","0","13340000","15940000","32720000","1"
"2026-02-01 09:05:00","100","0","11470000","16160000","29230000","1"
"2026-02-01 09:06:00","100","0","10890000","15860000","23120000","1"
"2026-02-01 09:08:00","100","0","11460000","16740000","42560000","1"
"2026-02-01 09:10:00","100","0","12590000","15710000","24060000","1"
"2026-02-01 09:11:00","100","0","10220000","15670000","30050000","1"
"2026-02-01 09:13:00","100","0","10420000","15590000","24380000","1"
"2026-02-01 09:15:00","100","0","10840000","15500000","26990000","1"
"2026-02-01 09:16:00","100","0","11140000","15850000","24720000","1"
"2026-02-01 09:18:00","100","0","11460000","16190000","27150000","1"
"2026-02-01 09:20:00","100","0","10630000","16080000","35430000","1"
"2026-02-01 09:21:00","100","0","12750000","15520000","27230000","1"
"2026-02-01 09:23:00","100","0","10460000","15930000","25990000","1"
"2026-02-01 09:25:00","100","0","10720000","16480000","24430000","1"
"2026-02-01 09:26:00","100","0","11120000","15980000","26820000","1"
"2026-02-01 09:28:00","100","0","11570000","16020000","23850000","1"
"2026-02-01 09:30:00","100","0","13650000","16480000","21640000","1"
"2026-02-01 09:31:00","100","0","13150000","16140000","21850000","1"
"2026-02-01 09:33:00","100","0","11630000","16710000","23900000","1"
"2026-02-01 09:35:00","100","0","9865000","16970000","46610000","1"
"2026-02-01 09:36:00","100","0","10560000","16890000","30580000","1"
"2026-02-01 09:38:00","100","0","9169000","17000000","50390000","1"
"2026-02-01 09:40:00","100","0","11130000","16490000","33010000","1"
"2026-02-01 09:41:00","100","0","11120000","16480000","24370000","1"
"2026-02-01 09:43:00","100","0","11620000","16350000","24950000","1"
"2026-02-01 09:45:00","100","0","13760000","16110000","27590000","1"
"2026-02-01 09:46:00","100","0","10950000","15610000","26620000","1"
"2026-02-01 09:48:00","100","0","11710000","15400000","29780000","1"
"2026-02-01 09:50:00","100","0","12740000","15350000","27550000","1"
"2026-02-01 09:51:00","100","0","10700000","15270000","30990000","1"
"2026-02-01 09:53:00","100","0","9189000","15710000","26030000","1"
"2026-02-01 09:55:00","100","0","10900000","15620000","36340000","1"
"2026-02-01 09:56:00","100","0","13450000","15950000","47760000","1"
"2026-02-01 09:58:00","100","0","10020000","16360000","31760000","1"
"2026-02-01 10:00:00","100","0","10820000","16190000","28000000","1"
"2026-02-01 10:01:00","100","0","11500000","15240000","26810000","1"
"2026-02-01 10:03:00","100","0","12610000","15970000","30200000","1"
"2026-02-01 10:05:00","100","0","11580000","15950000","26690000","1"
"2026-02-01 10:06:00","100","0","10310000","15660000","29730000","1"
"2026-02-01 10:08:00","100","0","10860000","16190000","53870000","1"
"2026-02-01 10:10:00","100","0","12880000","16090000","25650000","1"
"2026-02-01 10:11:00","100","0","10860000","15520000","24380000","1"
"2026-02-01 10:13:00","100","0","9235000","15700000","22990000","1"
"2026-02-01 10:15:00","100","0","9094000","15650000","22800000","1"
"2026-02-01 10:16:00","100","0","11000000","15760000","24540000","1"
"2026-02-01 10:18:00","100","0","13410000","16110000","33400000","1"
"2026-02-01 10:20:00","100","0","9095000","15330000","24010000","1"
"2026-02-01 10:21:00","100","0","13970000","15570000","22330000","1"
"2026-02-01 10:23:00","100","0","9435000","15320000","27240000","1"
"2026-02-01 10:25:00","100","0","13690000","15680000","31060000","1"
"2026-02-01 10:26:00","100","0","11110000","15780000","24080000","1"
"2026-02-01 10:28:00","100","0","11320000","15950000","22220000","1"
"2026-02-01 10:30:00","100","0","11030000","15770000","21890000","1"
"2026-02-01 10:31:00","100","0","10780000","15660000","25860000","1"
"2026-02-01 10:33:00","100","0","13450000","15420000","22090000","1"
"2026-02-01 10:35:00","100","0","13380000","15660000","25040000","1"
"2026-02-01 10:36:00","100","0","11860000","15590000","28330000","1"
"2026-02-01 10:38:00","100","0","9614000","15410000","24030000","1"
"2026-02-01 10:40:00","100","0","9278000","15620000","24500000","1"
"2026-02-01 10:41:00","100","0","13130000","15870000","27490000","1"
"2026-02-01 10:43:00","100","0","12250000","16100000","26950000","1"
"2026-02-01 10:45:00","100","0","12320000","15380000","32170000","1"
"2026-02-01 10:46:00","100","0","12460000","15490000","34270000","1"
"2026-02-01 10:48:00","100","0","9147000","15840000","30370000","1"
"2026-02-01 10:50:00","100","0","11400000","15620000","22170000","1"
"2026-02-01 10:51:00","100","0","9043000","15600000","21930000","1"
"2026-02-01 10:53:00","100","0","9213000","15330000","24540000","1"
"2026-02-01 10:55:00","100","0","11290000","15800000","25350000","1"
"2026-02-01 10:56:00","100","0","9957000","15670000","25020000","1"
"2026-02-01 10:58:00","100","0","9163000","15970000","24160000","1"
"2026-02-01 11:00:00","100","0","11330000","15590000","24960000","1"
"2026-02-01 11:01:00","100","0","11530000","15640000","25010000","1"
"2026-02-01 11:03:00","100","0","9885000","15570000","25570000","1"
"2026-02-01 11:05:00","100","0","12130000","15840000","24160000","1"
"2026-02-01 11:06:00","100","0","9373000","15600000","22320000","1"
"2026-02-01 11:08:00","100","0","13250000","15810000","21670000","1"
"2026-02-01 11:10:00","100","0","9279000","15770000","22550000","1"
"2026-02-01 11:11:00","100","0","9191000","15580000","25200000","1"
"2026-02-01 11:13:00","100","0","9579000","15850000","22920000","1"
"2026-02-01 11:15:00","100","0","9456000","15900000","37300000","1"
"2026-02-01 11:16:00","100","0","13230000","15950000","24770000","1"
"2026-02-01 11:18:00","100","0","13530000","15790000","22430000","1"
"2026-02-01 11:20:00","100","0","12020000","15780000","24510000","1"
"2026-02-01 11:21:00","100","0","12600000","15640000","22820000","1"
"2026-02-01 11:23:00","100","0","11730000","15850000","24780000","1"
"2026-02-01 11:25:00","100","0","9744000","15780000","26460000","1"
"2026-02-01 11:26:00","100","0","12170000","15930000","34850000","1"
"2026-02-01 11:28:00","100","0","9302000","16230000","37450000","1"
"2026-02-01 11:30:00","100","0","9361000","15680000","22620000","1"
"2026-02-01 11:31:00","100","0","9265000","15860000","22070000","1"
"2026-02-01 11:33:00","100","0","11560000","15930000","31060000","1"
"2026-02-01 11:35:00","100","0","9622000","16010000","34100000","1"
"2026-02-01 11:36:00","100","0","11600000","15880000","28140000","1"
"2026-02-01 11:38:00","100","0","9280000","15800000","34060000","1"
"2026-02-01 11:40:00","100","0","12630000","16040000","27800000","1"
"2026-02-01 11:41:00","100","0","9405000","16100000","28790000","1"
"2026-02-01 11:43:00","100","0","13360000","15910000","24220000","1"
"2026-02-01 11:45:00","100","0","9378000","16420000","37490000","1"
"2026-02-01 11:46:00","100","0","9299000","16030000","37520000","1"
"2026-02-01 11:48:00","100","0","9313000","16180000","47240000","1"
"2026-02-01 11:50:00","100","0","9479000","15860000","25320000","1"
"2026-02-01 11:51:00","100","0","9443000","16080000","24540000","1"
"2026-02-01 11:53:00","100","0","9386000","15790000","22670000","1"
"2026-02-01 11:55:00","100","0","13420000","15880000","22290000","1"
"2026-02-01 11:56:00","100","0","9124000","15520000","22310000","1"
"2026-02-01 11:58:00","100","0","9722000","16120000","22600000","1"
"2026-02-01 12:00:00","100","0","9312000","15930000","22440000","1"
"2026-02-01 12:01:00","100","0","13090000","16360000","22690000","1"
"2026-02-01 12:03:00","100","0","9431000","16050000","26310000","1"
"2026-02-01 12:05:00","100","0","9887000","15890000","23140000","1"
"2026-02-01 12:06:00","100","0","10310000","16250000","31820000","1"
"2026-02-01 12:08:00","100","0","9527000","16290000","24890000","1"
"2026-02-01 12:10:00","100","0","9718000","16060000","22080000","1"
"2026-02-01 12:11:00","100","0","9675000","16000000","23100000","1"
"2026-02-01 12:13:00","100","0","10300000","16270000","25600000","1"
"2026-02-01 12:15:00","100","0","9721000","16120000","22420000","1"
"2026-02-01 12:16:00","100","0","9632000","16240000","23550000","1"
"2026-02-01 12:18:00","100","0","13660000","16030000","23310000","1"
"2026-02-01 12:20:00","100","0","9472000","15490000","23150000","1"
"2026-02-01 12:21:00","100","0","11340000","16240000","25950000","1"
"2026-02-01 12:23:00","100","0","12120000","16010000","22590000","1"
"2026-02-01 12:25:00","100","0","13760000","16220000","24130000","1"
"2026-02-01 12:26:00","100","0","9989000","16100000","22130000","1"
"2026-02-01 12:28:00","100","0","13670000","16680000","35710000","1"
"2026-02-01 12:30:00","100","0","11070000","16390000","23220000","1"
"2026-02-01 12:31:00","100","0","12420000","16110000","23190000","1"
"2026-02-01 12:33:00","100","0","9720000","17350000","70970000","1"
"2026-02-01 12:35:00","100","0","12610000","16520000","26850000","1"
"2026-02-01 12:36:00","100","0","13060000","16450000","26120000","1"
"2026-02-01 12:38:00","100","0","11400000","16160000","23300000","1"
"2026-02-01 12:40:00","100","0","10610000","16140000","23090000","1"
"2026-02-01 12:41:00","100","0","9250000","16680000","33170000","1"
"2026-02-01 12:43:00","100","0","12280000","16260000","25010000","1"
"2026-02-01 12:45:00","100","0","9210000","15930000","23130000","1"
"2026-02-01 12:46:00","100","0","10430000","16200000","23210000","1"
"2026-02-01 12:48:00","100","0","9117000","16110000","21860000","1"
"2026-02-01 12:50:00","100","0","10130000","16650000","23280000","1"
"2026-02-01 12:51:00","100","0","13320000","16380000","34520000","1"
"2026-02-01 12:53:00","100","0","10040000","16700000","35410000","1"
"2026-02-01 12:55:00","100","0","10170000","16470000","22810000","1"
"2026-02-01 12:56:00","100","0","9115000","16090000","22980000","1"
"2026-02-01 12:58:00","100","0","9807000","16320000","23120000","1"
"2026-02-01 13:00:00","100","0","9386000","16610000","24540000","1"
"2026-02-01 13:01:00","100","0","10370000","16370000","24030000","1"
"2026-02-01 13:03:00","100","0","10250000","16530000","37890000","1"
"2026-02-01 13:05:00","100","0","9781000","16280000","23020000","1"
"2026-02-01 13:06:00","100","1","9161000","16590000","35620000","201"
"2026-02-01 13:08:00","100","0","9362000","16390000","27540000","1"
"2026-02-01 13:10:00","100","0","12560000","16400000","33140000","1"
"2026-02-01 13:11:00","100","0","13100000","16390000","22260000","1"
"2026-02-01 13:13:00","100","0","9635000","16200000","23530000","1"
"2026-02-01 13:15:00","100","0","13390000","16670000","36430000","1"
"2026-02-01 13:16:00","100","0","9239000","17030000","42610000","1"
"2026-02-01 13:18:00","100","0","9314000","16450000","23040000","1"
"2026-02-01 13:20:00","100","0","10060000","16270000","25280000","1"
"2026-02-01 13:21:00","100","0","13390000","16700000","26180000","1"
"2026-02-01 13:23:00","100","0","13470000","16630000","23310000","1"
"2026-02-01 13:25:00","100","0","9762000","16240000","23250000","1"
"2026-02-01 13:26:00","100","0","9938000","16860000","29350000","1"
"2026-02-01 13:28:00","100","0","10140000","16480000","33120000","1"
"2026-02-01 13:30:00","100","0","9635000","16190000","29780000","1"
"2026-02-01 13:31:00","100","0","13490000","16390000","36200000","1"
"2026-02-01 13:33:00","100","0","12960000","16130000","23320000","1"
"2026-02-01 13:35:00","100","0","13470000","16430000","25550000","1"
"2026-02-01 13:36:00","100","0","9699000","16160000","22640000","1"
"2026-02-01 13:38:00","100","0","9490000","15820000","27720000","1"
"2026-02-01 13:40:00","100","0","9710000","15710000","26640000","1"
"2026-02-01 13:41:00","100","0","10860000","15760000","23270000","1"
"2026-02-01 13:43:00","100","0","12900000","16110000","26860000","1"
"2026-02-01 13:45:00","100","0","11830000","15980000","30950000","1"
"2026-02-01 13:46:00","100","0","13020000","15880000","29500000","1"
"2026-02-01 13:48:00","100","0","10270000","16290000","33150000","1"
"2026-02-01 13:50:00","100","0","13180000","16040000","24630000","1"
"2026-02-01 13:51:00","100","0","12310000","16400000","36120000","1"
"2026-02-01 13:53:00","100","0","9669000","16010000","23630000","1"
"2026-02-01 13:55:00","100","0","9800000","16100000","29820000","1"
"2026-02-01 13:56:00","100","0","13070000","15940000","29900000","1"
"2026-02-01 13:58:00","100","0","12450000","16000000","27410000","1"
"2026-02-01 14:00:00","100","0","12950000","15970000","28970000","1"
"2026-02-01 14:01:00","100","0","10830000","15720000","22790000","1"
"2026-02-01 14:03:00","100","0","10590000","16970000","35420000","1"
"2026-02-01 14:05:00","100","0","9808000","16280000","31270000","1"
"2026-02-01 14:06:00","100","0","10200000","16480000","32960000","1"
"2026-02-01 14:08:00","100","0","9746000","16720000","33920000","1"
"2026-02-01 14:10:00","100","0","9876000","15910000","26220000","1"
"2026-02-01 14:11:00","100","0","13520000","17010000","36800000","1"
"2026-02-01 14:13:00","100","0","11120000","16750000","39640000","1"
"2026-02-01 14:15:00","100","0","9938000","16280000","25990000","1"
"2026-02-01 14:16:00","100","0","10260000","15740000","26780000","1"
"2026-02-01 14:18:00","100","0","13250000","16320000","24000000","1"
"2026-02-01 14:20:00","100","0","10720000","16400000","27610000","1"
"2026-02-01 14:21:00","100","0","10500000","16290000","29130000","1"
"2026-02-01 14:23:00","100","0","13310000","16350000","33710000","1"
"2026-02-01 14:25:00","100","0","13220000","16150000","38770000","1"
"2026-02-01 14:26:00","100","0","13560000","16870000","42380000","1"
"2026-02-01 14:28:00","100","0","9422000","15960000","40130000","1"
"2026-02-01 14:30:00","100","0","10540000","16070000","33330000","1"
"2026-02-01 14:31:00","100","0","10070000","15810000","26650000","1"
"2026-02-01 14:33:00","100","0","11000000","15990000","33590000","1"
"2026-02-01 14:35:00","100","0","10050000","16120000","34450000","1"
"2026-02-01 14:36:00","100","0","11030000","16950000","36920000","1"
"2026-02-01 14:38:00","100","0","10870000","16100000","24420000","1"
"2026-02-01 14:40:00","100","0","11130000","16290000","36690000","1"
"2026-02-01 14:41:00","100","0","9995000","15990000","26110000","1"
"2026-02-01 14:43:00","100","0","10100000","15940000","25040000","1"
"2026-02-01 14:45:00","100","0","10100000","16620000","33000000","1"
"2026-02-01 14:46:00","100","0","13130000","16630000","28790000","1"
"2026-02-01 14:48:00","100","0","10770000","16120000","20620000","1"
"2026-02-01 14:50:00","100","0","10910000","16360000","23430000","1"
"2026-02-01 14:51:00","100","0","10340000","16300000","22590000","1"
"2026-02-01 14:53:00","100","0","10290000","16010000","24330000","1"
"2026-02-01 14:55:00","100","0","10300000","16110000","33350000","1"
"2026-02-01 14:56:00","100","0","10250000","16180000","27760000","1"
"2026-02-01 14:58:00","100","0","9162000","15620000","22870000","1"
"2026-02-01 15:00:00","100","0","9583000","16260000","24240000","1"
"2026-02-01 15:01:00","100","0","10320000","16130000","24180000","1"
"2026-02-01 15:03:00","100","0","9627000","16100000","26380000","1"
"2026-02-01 15:05:00","100","0","10310000","15940000","26000000","1"
"2026-02-01 15:06:00","100","0","9024000","15770000","23610000","1"
"2026-02-01 15:08:00","100","0","10330000","16790000","31310000","1"
"2026-02-01 15:10:00","100","0","10180000","17360000","32880000","1"
"2026-02-01 15:11:00","100","0","11120000","16560000","42290000","1"
"2026-02-01 15:13:00","100","0","10430000","17740000","91750000","1"
"2026-02-01 15:15:00","100","0","10310000","16400000","26610000","1"
"2026-02-01 15:16:00","100","0","10360000","16040000","26500000","1"
"2026-02-01 15:18:00","100","0","10960000","15680000","24130000","1"
"2026-02-01 15:20:00","100","0","10710000","16470000","25890000","1"
"2026-02-01 15:21:00","100","0","11480000","16250000","24490000","1"
"2026-02-01 15:23:00","100","0","10430000","15800000","28670000","1"
"2026-02-01 15:25:00","100","0","10210000","15980000","30300000","1"
"2026-02-01 15:26:00","100","0","11100000","15840000","29750000","1"
"2026-02-01 15:28:00","100","0","10530000","16540000","31160000","1"
"2026-02-01 15:30:00","100","0","10720000","17750000","50020000","1"
"2026-02-01 15:31:00","100","0","11380000","15720000","24340000","1"
"2026-02-01 15:33:00","100","0","10470000","15600000","21660000","1"
"2026-02-01 15:35:00","100","0","10690000","15720000","25820000","1"
"2026-02-01 15:36:00","100","0","11000000","15330000","23250000","1"
"2026-02-01 15:38:00","100","0","10560000","16020000","26670000","1"
"2026-02-01 15:40:00","100","0","9397000","15840000","26890000","1"
"2026-02-01 15:41:00","100","0","10590000","15500000","23520000","1"
"2026-02-01 15:43:00","100","0","10910000","15190000","24320000","1"
"2026-02-01 15:45:00","100","0","9517000","15680000","23690000","1"
"2026-02-01 15:46:00","100","0","10720000","15710000","24810000","1"
"2026-02-01 15:48:00","100","0","12270000","15250000","21610000","1"
"2026-02-01 15:50:00","100","0","12120000","15440000","26810000","1"
"2026-02-01 15:51:00","100","0","11280000","15440000","23710000","1"
"2026-02-01 15:53:00","100","0","13150000","16020000","24500000","1"
"2026-02-01 15:55:00","100","0","10810000","15300000","21290000","1"
"2026-02-01 15:56:00","100","0","10140000","15120000","27000000","1"
"2026-02-01 15:58:00","100","0","10910000","15520000","28030000","1"
"2026-02-01 16:00:00","100","0","9633000","15240000","28600000","1"
"2026-02-01 16:01:00","100","0","9415000","15060000","24360000","1"
"2026-02-01 16:03:00","100","0","10790000","15670000","23610000","1"
"2026-02-01 16:05:00","100","0","9267000","15670000","22210000","1"
"2026-02-01 16:06:00","100","0","11670000","15620000","23910000","1"
"2026-02-01 16:08:00","100","0","11830000","15790000","27670000","1"
"2026-02-01 16:10:00","100","0","9625000","15340000","22230000","1"
"2026-02-01 16:11:00","100","0","13380000","15990000","25220000","1"
"2026-02-01 16:13:00","100","0","9260000","15440000","23790000","1"
"2026-02-01 16:15:00","100","0","11130000","15530000","23920000","1"
"2026-02-01 16:16:00","100","52","12380000","15540000","22830000","401"
"2026-02-01 16:18:00","100","22","13290000","15300000","24520000","301"
"2026-02-01 16:20:00","100","0","14100000","15870000","24060000","1"
"2026-02-01 16:21:00","100","0","11640000","15750000","24870000","1"
"2026-02-01 16:23:00","100","0","11040000","15650000","22580000","1"
"2026-02-01 16:25:00","100","1","12100000","15610000","24390000","201"
"2026-02-01 16:26:00","100","0","11890000","15830000","27860000","1"
"2026-02-01 16:28:00","100","0","9644000","15720000","49660000","1"
"2026-02-01 16:30:00","100","0","11730000","15340000","21930000","1"
"2026-02-01 16:31:00","100","0","11820000","15960000","24780000","1"
"2026-02-01 16:33:00","100","0","10980000","16170000","27530000","1"
"2026-02-01 16:35:00","100","0","9194000","15670000","23170000","1"
"2026-02-01 16:36:00","100","0","9973000","15620000","27470000","1"
"2026-02-01 16:38:00","100","0","11820000","16300000","30140000","1"
"2026-02-01 16:40:00","100","0","9928000","16450000","27150000","1"
"2026-02-01 16:41:00","100","0","9620000","18620000","48810000","1"
"2026-02-01 16:43:00","100","0","12050000","15690000","26460000","1"
"2026-02-01 16:45:00","100","0","9310000","16030000","30990000","1"
"2026-02-01 16:46:00","100","0","12120000","15800000","24900000","1"
"2026-02-01 16:48:00","100","0","14270000","16140000","22310000","1"
"2026-02-01 16:50:00","100","0","11330000","15940000","25300000","1"
"2026-02-01 16:51:00","100","0","9508000","15950000","30740000","1"
"2026-02-01 16:53:00","100","0","9024000","15780000","21830000","1"
"2026-02-01 16:55:00","100","0","12600000","15970000","24690000","1"
"2026-02-01 16:56:00","100","0","11650000","15980000","25040000","1"
"2026-02-01 16:58:00","100","0","9770000","15670000","22560000","1"
"2026-02-01 17:00:00","100","0","9373000","15790000","25030000","1"
"2026-02-01 17:01:00","100","0","9456000","16160000","25800000","1"
"2026-02-01 17:03:00","100","0","10040000","16470000","25410000","1"
"2026-02-01 17:05:00","100","0","11800000","16570000","30770000","1"
"2026-02-01 17:06:00","100","0","11530000","19350000","60380000","1"
"2026-02-01 17:08:00","100","0","11610000","16840000","30670000","1"
"2026-02-01 17:10:00","100","0","9937000","16080000","25270000","1"
"2026-02-01 17:11:00","100","0","10010000","16080000","33780000","1"
"2026-02-01 17:13:00","100","0","9446000","15750000","25270000","1"
"2026-02-01 17:15:00","100","0","9193000","15710000","25270000","1"
"2026-02-01 17:16:00","100","0","9474000","16130000","27590000","1"
"2026-02-01 17:18:00","100","0","9688000","16010000","45050000","1"
"2026-02-01 17:20:00","100","1","12030000","17030000","39190000","201"
"2026-02-01 17:21:00","100","0","11550000","16790000","34610000","1"
"2026-02-01 17:23:00","100","0","9590000","19300000","47550000","1"
"2026-02-01 17:25:00","100","0","9320000","17180000","46870000","1"
"2026-02-01 17:26:00","100","0","9410000","15920000","23220000","1"
"2026-02-01 17:28:00","100","0","9260000","18050000","39310000","1"
"2026-02-01 17:30:00","100","0","10060000","18760000","40590000","1"
"2026-02-01 17:31:00","100","0","10870000","17060000","34180000","1"
"2026-02-01 17:33:00","100","0","13240000","16580000","30120000","1"
"2026-02-01 17:35:00","100","0","9097000","16140000","28860000","1"
"2026-02-01 17:36:00","100","0","13440000","16810000","37930000","1"
"2026-02-01 17:38:00","100","0","13460000","15930000","33930000","1"
"2026-02-01 17:40:00","100","0","13280000","16670000","34700000","1"
"2026-02-01 17:41:00","100","0","11670000","15710000","36990000","1"
"2026-02-01 17:43:00","100","0","9033000","15680000","24830000","1"
"2026-02-01 17:45:00","100","0","13270000","15830000","36790000","1"
"2026-02-01 17:46:00","100","0","13320000","16130000","37220000","1"
"2026-02-01 17:48:00","100","0","13350000","16580000","34900000","1"
"2026-02-01 17:50:00","100","0","13350000","16180000","32350000","1"
"2026-02-01 17:51:00","100","0","10010000","16170000","33350000","1"
"2026-02-01 17:53:00","100","0","13130000","15720000","26840000","1"
"2026-02-01 17:55:00","100","0","11700000","16390000","29420000","1"
"2026-02-01 17:56:00","100","0","13160000","15960000","24700000","1"
"2026-02-01 17:58:00","100","0","10240000","16100000","29680000","1"
"2026-02-01 18:00:00","100","0","13370000","16530000","37060000","1"
"2026-02-01 18:01:00","100","0","12170000","16180000","25070000","1"
"2026-02-01 18:03:00","100","0","13480000","16290000","42310000","1"
"2026-02-01 18:05:00","100","0","9782000","16610000","23260000","1"
"2026-02-01 18:06:00","100","0","13470000","16310000","37670000","1"
"2026-02-01 18:08:00","100","0","9296000","15960000","31360000","1"
"2026-02-01 18:10:00","100","0","13440000","16340000","35110000","1"
"2026-02-01 18:11:00","100","0","13670000","16160000","35280000","1"
"2026-02-01 18:13:00","100","0","9661000","16530000","38290000","1"
"2026-02-01 18:15:00","100","0","12020000","15850000","23980000","1"
"2026-02-01 18:16:00","100","0","12860000","16030000","25450000","1"
"2026-02-01 18:18:00","100","0","9728000","16570000","26140000","1"
"2026-02-01 18:20:00","100","0","9657000","16300000","28310000","1"
"2026-02-01 18:21:00","100","0","9519000","16210000","27630000","1"
"2026-02-01 18:23:00","100","0","11890000","16350000","35060000","1"
"2026-02-01 18:25:00","100","0","11920000","19070000","42410000","1"
"2026-02-01 18:26:00","100","0","13680000","16350000","38730000","1"
"2026-02-01 18:28:00","100","0","9716000","16470000","36200000","1"
"2026-02-01 18:30:00","100","0","13630000","16510000","32240000","1"
"2026-02-01 18:31:00","100","0","10280000","16190000","25370000","1"
"2026-02-01 18:33:00","100","0","13490000","16020000","33240000","1"
"2026-02-01 18:35:00","100","0","12050000","16740000","38900000","1"
"2026-02-01 18:36:00","100","0","13710000","16420000","26960000","1"
"2026-02-01 18:38:00","100","0","13670000","16160000","22550000","1"
"2026-02-01 18:40:00","100","0","9989000","16300000","32030000","1"
"2026-02-01 18:41:00","100","0","9878000","16150000","23400000","1"
"2026-02-01 18:43:00","100","0","9050000","15910000","32280000","1"
"2026-02-01 18:45:00","100","0","13730000","16900000","38690000","1"
"2026-02-01 18:46:00","100","0","9808000","16500000","35950000","1"
"2026-02-01 18:48:00","100","0","9829000","16080000","25390000","1"
"2026-02-01 18:50:00","100","0","9604000","16420000","35450000","1"
"2026-02-01 18:51:00","100","0","13180000","16200000","22810000","1"
"2026-02-01 18:53:00","100","0","9910000","16620000","35600000","1"
"2026-02-01 18:55:00","100","0","9497000","16270000","38040000","1"
"2026-02-01 18:56:00","100","0","9345000","15870000","22390000","1"
"2026-02-01 18:58:00","100","0","13630000","16150000","23500000","1"
"2026-02-01 19:00:00","100","0","10630000","15790000","17210000","1"
"2026-02-01 19:01:00","100","0","11900000","16390000","35440000","1"
"2026-02-01 19:03:00","100","0","9741000","16650000","39350000","1"
"2026-02-01 19:05:00","100","0","9890000","16410000","34870000","1"
"2026-02-01 19:06:00","100","0","13420000","16330000","23020000","1"
"2026-02-01 19:08:00","100","0","13060000","16200000","23000000","1"
"2026-02-01 19:10:00","100","0","9640000","16250000","24490000","1"
"2026-02-01 19:11:00","100","0","10130000","16060000","23000000","1"
"2026-02-01 19:13:00","100","0","10050000","16370000","22980000","1"
"2026-02-01 19:15:00","100","0","12580000","16230000","22020000","1"
"2026-02-01 19:16:00","100","0","9349000","15790000","22540000","1"
"2026-02-01 19:18:00","100","0","13140000","16040000","22040000","1"
"2026-02-01 19:20:00","100","0","9997000","16200000","23490000","1"
"2026-02-01 19:21:00","100","0","10800000","15660000","23560000","1"
"2026-02-01 19:23:00","100","0","10470000","15990000","25580000","1"
"2026-02-01 19:25:00","100","0","13240000","15630000","23210000","1"
"2026-02-01 19:26:00","100","0","10480000","15440000","25620000","1"
"2026-02-01 19:28:00","100","0","9797000","15700000","25690000","1"
"2026-02-01 19:30:00","100","0","13290000","15700000","20800000","1"
"2026-02-01 19:31:00","100","0","13250000","15750000","23680000","1"
"2026-02-01 19:33:00","100","0","9270000","16180000","32150000","1"
"2026-02-01 19:35:00","100","0","13430000","16340000","23840000","1"
"2026-02-01 19:36:00","100","0","10560000","16300000","23070000","1"
"2026-02-01 19:38:00","100","0","10630000","16160000","24650000","1"
"2026-02-01 19:40:00","100","0","9573000","16290000","23690000","1"
"2026-02-01 19:41:00","100","0","11740000","16220000","19870000","1"
"2026-02-01 19:43:00","100","0","10500000","16230000","26810000","1"
"2026-02-01 19:45:00","100","0","10650000","16350000","31850000","1"
"2026-02-01 19:46:00","100","0","9709000","16480000","25280000","1"
"2026-02-01 19:48:00","100","0","10340000","15730000","20230000","1"
"2026-02-01 19:50:00","100","0","13440000","15640000","24610000","1"
"2026-02-01 19:51:00","100","0","13400000","15980000","24590000","1"
"2026-02-01 19:53:00","100","0","13410000","16620000","25550000","1"
"2026-02-01 19:55:00","100","0","13470000","16430000","32660000","1"
"2026-02-01 19:56:00","100","0","11020000","16120000","23050000","1"
"2026-02-01 19:58:00","100","0","10890000","16030000","25750000","1"
"2026-02-01 20:00:00","100","0","12940000","15920000","21590000","1"
"2026-02-01 20:01:00","100","0","10750000","15890000","23610000","1"
"2026-02-01 20:03:00","100","0","10820000","17050000","28180000","1"
"2026-02-01 20:05:00","100","0","13470000","15860000","26220000","1"
"2026-02-01 20:06:00","100","0","10480000","15730000","23450000","1"
"2026-02-01 20:08:00","100","0","9753000","16130000","23860000","1"
"2026-02-01 20:10:00","100","0","13160000","16130000","25950000","1"
"2026-02-01 20:11:00","100","0","13270000","16020000","24960000","1"
"2026-02-01 20:13:00","100","0","9953000","15740000","28220000","1"
"2026-02-01 20:15:00","100","0","12460000","15180000","23210000","1"
"2026-02-01 20:16:00","100","0","13540000","16090000","32340000","1"
"2026-02-01 20:18:00","100","0","13290000","16070000","40770000","1"
"2026-02-01 20:20:00","100","0","13580000","15710000","24930000","1"
"2026-02-01 20:21:00","100","0","10650000","15640000","22730000","1"
"2026-02-01 20:23:00","100","0","9943000","16420000","27790000","1"
"2026-02-01 20:25:00","100","0","13270000","15830000","23700000","1"
"2026-02-01 20:26:00","100","0","13230000","15800000","21310000","1"
"2026-02-01 20:28:00","100","0","10550000","15900000","23260000","1"
"2026-02-01 20:30:00","100","0","11310000","15580000","28080000","1"
"2026-02-01 20:31:00","100","0","9453000","15750000","23450000","1"
"2026-02-01 20:33:00","100","0","13390000","15610000","22990000","1"
"2026-02-01 20:35:00","100","0","9964000","16320000","32500000","1"
"2026-02-01 20:36:00","100","0","13300000","15510000","22980000","1"
"2026-02-01 20:38:00","100","0","10210000","15300000","24890000","1"
"2026-02-01 20:40:00","100","0","10250000","15730000","24530000","1"
"2026-02-01 20:41:00","100","0","10110000","16210000","30170000","1"
"2026-02-01 20:43:00","100","0","10070000","15690000","24450000","1"
"2026-02-01 20:45:00","100","0","10020000","16190000","26280000","1"
"2026-02-01 20:46:00","100","0","9017000","15490000","23470000","1"
"2026-02-01 20:48:00","100","0","9815000","15470000","23180000","1"
"2026-02-01 20:50:00","100","0","10150000","15770000","23090000","1"
"2026-02-01 20:51:00","100","0","9365000","16030000","26800000","1"
"2026-02-01 20:53:00","100","0","10920000","16620000","30130000","1"
"2026-02-01 20:55:00","100","0","10820000","16900000","38760000","1"
"2026-02-01 20:56:00","100","1","9933000","16160000","26980000","201"
"2026-02-01 20:58:00","100","0","11350000","16990000","46070000","1"
"2026-02-01 21:00:00","100","0","13360000","16860000","32020000","1"
"2026-02-01 21:01:00","100","0","11250000","16830000","26160000","1"
"2026-02-01 21:03:00","100","0","10650000","16780000","30900000","1"
"2026-02-01 21:05:00","100","0","13040000","16280000","33950000","1"
"2026-02-01 21:06:00","100","0","11980000","15820000","26690000","1"
"2026-02-01 21:08:00","100","0","13130000","16510000","37580000","1"
"2026-02-01 21:10:00","100","0","10130000","15930000","27290000","1"
"2026-02-01 21:11:00","100","0","10830000","16280000","30590000","1"
"2026-02-01 21:13:00","100","0","11620000","15640000","24180000","1"
"2026-02-01 21:15:00","100","0","11140000","16180000","23650000","1"
"2026-02-01 21:16:00","100","0","11280000","16040000","28170000","1"
"2026-02-01 21:18:00","100","0","13290000","16050000","25930000","1"
"2026-02-01 21:20:00","100","0","12740000","16240000","24180000","1"
"2026-02-01 21:21:00","100","0","10270000","16710000","30570000","1"
"2026-02-01 21:23:00","100","0","11350000","17120000","35920000","1"
"2026-02-01 21:25:00","100","0","10350000","16870000","33580000","1"
"2026-02-01 21:26:00","100","0","10520000","16470000","26750000","1"
"2026-02-01 21:28:00","100","0","10260000","16360000","27080000","1"
"2026-02-01 21:30:00","100","0","12140000","17050000","39770000","1"
"2026-02-01 21:31:00","100","0","12850000","16950000","32240000","1"
"2026-02-01 21:33:00","100","0","10730000","15930000","29600000","1"
"2026-02-01 21:35:00","100","0","10800000","16080000","24300000","1"
"2026-02-01 21:36:00","100","0","13400000","17830000","41280000","1"
"2026-02-01 21:38:00","100","0","9959000","16670000","30160000","1"
"2026-02-01 21:40:00","100","0","9613000","15810000","24170000","1"
"2026-02-01 21:41:00","100","0","9387000","16110000","23990000","1"
"2026-02-01 21:43:00","100","0","10650000","15290000","35580000","1"
"2026-02-01 21:45:00","100","0","10860000","16280000","31540000","1"
"2026-02-01 21:46:00","100","0","11650000","16450000","31490000","1"
"2026-02-01 21:48:00","100","0","11490000","15960000","31880000","1"
"2026-02-01 21:50:00","100","0","12220000","15790000","24840000","1"
"2026-02-01 21:51:00","100","0","10500000","15730000","22510000","1"
"2026-02-01 21:53:00","100","0","11610000","16270000","24340000","1"
"2026-02-01 21:55:00","100","0","10730000","15600000","23580000","1"
"2026-02-01 21:56:00","100","0","11540000","15880000","21600000","1"
"2026-02-01 21:58:00","100","0","10680000","15160000","21460000","1"
"2026-02-01 22:00:00","100","0","9729000","15700000","24000000","1"
"2026-02-01 22:01:00","100","0","13280000","15810000","25980000","1"
"2026-02-01 22:03:00","100","0","13240000","16110000","33830000","1"
"2026-02-01 22:05:00","100","0","11180000","15820000","24230000","1"
"2026-02-01 22:06:00","100","0","13300000","15710000","31100000","1"
"2026-02-01 22:08:00","100","0","10100000","15840000","24380000","1"
"2026-02-01 22:10:00","100","0","10870000","15980000","43760000","1"
"2026-02-01 22:11:00","100","0","12790000","15970000","26780000","1"
"2026-02-01 22:13:00","100","0","11010000","15840000","28000000","1"
"2026-02-01 22:15:00","100","0","11800000","15490000","23900000","1"
"2026-02-01 22:16:00","100","0","13920000","16750000","37530000","1"
"2026-02-01 22:18:00","100","0","11220000","17870000","35010000","1"
"2026-02-01 22:20:00","100","0","13440000","17000000","32830000","1"
"2026-02-01 22:21:00","100","0","9446000","16520000","45070000","1"
"2026-02-01 22:23:00","100","0","13400000","15790000","24100000","1"
"2026-02-01 22:25:00","100","0","11470000","15820000","33530000","1"
"2026-02-01 22:26:00","100","0","11360000","15780000","25720000","1"
"2026-02-01 22:28:00","100","0","10850000","15680000","24710000","1"
"2026-02-01 22:30:00","100","0","10260000","15260000","22390000","1"
"2026-02-01 22:31:00","100","0","12750000","16040000","22080000","1"
"2026-02-01 22:33:00","100","0","12230000","15590000","23940000","1"
"2026-02-01 22:35:00","100","0","10850000","15650000","25380000","1"
"2026-02-01 22:36:00","100","0","11670000","15680000","23780000","1"
"2026-02-01 22:38:00","100","0","9703000","15890000","24450000","1"
"2026-02-01 22:40:00","100","0","10850000","15470000","27800000","1"
"2026-02-01 22:41:00","100","0","12090000","15720000","23760000","1"
"2026-02-01 22:43:00","100","0","9236000","16070000","37480000","1"
"2026-02-01 22:45:00","100","0","11300000","15970000","29550000","1"
"2026-02-01 22:46:00","100","0","9690000","16000000","22420000","1"
"2026-02-01 22:48:00","100","0","9584000","15580000","21870000","1"
"2026-02-01 22:50:00","100","0","11160000","15390000","23880000","1"
"2026-02-01 22:51:00","100","0","11330000","15450000","21690000","1"
"2026-02-01 22:53:00","100","0","14110000","15790000","24710000","1"
"2026-02-01 22:55:00","100","0","11450000","16260000","24750000","1"
"2026-02-01 22:56:00","100","0","9384000","15370000","23820000","1"
"2026-02-01 22:58:00","100","0","11260000","15290000","24790000","1"
"2026-02-01 23:00:00","100","0","13310000","15690000","22450000","1"
"2026-02-01 23:01:00","100","0","13340000","16010000","24580000","1"
"2026-02-01 23:03:00","100","0","13380000","15550000","24770000","1"
"2026-02-01 23:05:00","100","0","10540000","15460000","25000000","1"
"2026-02-01 23:06:00","100","0","11590000","15300000","24980000","1"
"2026-02-01 23:08:00","100","0","13850000","15580000","25900000","1"
"2026-02-01 23:10:00","100","0","11970000","15570000","21820000","1"
"2026-02-01 23:11:00","100","0","11680000","15810000","31480000","1"
"2026-02-01 23:13:00","100","0","12200000","16750000","47130000","1"
"2026-02-01 23:15:00","100","0","13480000","15750000","25320000","1"
"2026-02-01 23:16:00","100","0","13650000","15830000","24600000","1"
"2026-02-01 23:18:00","100","0","11360000","15680000","24610000","1"
"2026-02-01 23:20:00","100","0","11460000","15440000","21870000","1"
"2026-02-01 23:21:00","100","0","13590000","15390000","21060000","1"
"2026-02-01 23:23:00","100","0","12920000","15650000","24830000","1"
"2026-02-01 23:25:00","100","0","10130000","15950000","39210000","1"
"2026-02-01 23:26:00","100","0","13060000","15660000","31630000","1"
"2026-02-01 23:28:00","100","0","9284000","15600000","27150000","1"
"2026-02-01 23:30:00","100","0","14500000","15650000","21870000","1"
"2026-02-01 23:31:00","100","0","14530000","15740000","31290000","1"
"2026-02-01 23:33:00","100","0","13900000","15920000","22020000","1"
"2026-02-01 23:35:00","100","0","9964000","15760000","24380000","1"
"2026-02-01 23:36:00","100","0","14460000","15670000","22010000","1"
"2026-02-01 23:38:00","100","0","13240000","15630000","24480000","1"
"2026-02-01 23:40:00","100","0","12600000","15580000","18660000","1"
"2026-02-01 23:41:00","100","0","12430000","15740000","35880000","1"
"2026-02-01 23:43:00","100","0","9332000","15640000","24510000","1"
"2026-02-01 23:45:00","100","0","14580000","15840000","24990000","1"
"2026-02-01 23:46:00","100","0","9913000","16000000","25720000","1"
"2026-02-01 23:48:00","100","0","9257000","15530000","22210000","1"
"2026-02-01 23:50:00","100","0","11700000","15810000","31570000","1"
"2026-02-01 23:51:00","100","0","9222000","15480000","21270000","1"
"2026-02-01 23:53:00","100","0","11600000","15640000","28480000","1"
"2026-02-01 23:55:00","100","0","13210000","16100000","25060000","1"
"2026-02-01 23:56:00","100","0","11790000","16210000","38100000","1"
"2026-02-01 23:58:00","100","0","9247000","15880000","37300000","1"
